{
  "regali": [
    {
      "x": 45.4873185,
      "y": 9.179513,
      "q1": 2,
      "show": 1
    },
    {
      "x": 45.4873185,
      "y": 9.179513,
      "q1": 1,
      "show": 1
    },
    {
      "x": 45.4873185,
      "y": 9.179513,
      "q1": 1,
      "show": 1
    }
  ]
}